,Ângulo: 10º,Ângulo: 20º,Ângulo: 30º,Ângulo: 40º
100mm,0.00025484531178312717,0.001056113443251094,0.00034234730251501977,0.002576271024190386
200mm,0.0003616236032798562,0.00046075189658841345,0.001127982002298943,0.0044064136205057575
300mm,0.00037689274992163134,0.00071458163001702,0.0005649142485540867,0.000840471407885628
400mm,0.0003782315425631758,0.0007161922113971426,0.000782817837753862,0.0015086344733723823
Média de Incertezas,0.0003428983018869476,0.0007369097953134174,0.0007045153477804778,0.0023329476314885387
